ID,TIME,CONC
1,0,0.098936006
1,30,0.621524439
1,60,0.153466563
