ID,TIME,MAP
1,0,0.63512293
1,10,0.144428581
1,90,0.11298889
