ID,TIME,CONC
2,Baseline,0.098936006
2,30 min,0.075035263
2,60 min,0.153466563
