ID,TIME,CONC
1,Baseline,0.098936006
1,30 min,0.621524439
1,60 min,0.153466563
